,ds,trend,yhat_lower,yhat_upper,trend_lower,trend_upper,additive_terms,additive_terms_lower,additive_terms_upper,weekly,weekly_lower,weekly_upper,multiplicative_terms,multiplicative_terms_lower,multiplicative_terms_upper,yhat
0,2022-08-03,221.18338930750397,197.57246316608908,245.8065547055532,221.18338930750397,221.18338930750397,-0.6385461912675928,-0.6385461912675928,-0.6385461912675928,-0.6385461912675928,-0.6385461912675928,-0.6385461912675928,0.0,0.0,0.0,220.5448431162364
1,2022-08-04,221.6471619951307,198.2945153051978,246.15486192006796,221.6471619951307,221.6471619951307,0.28614327020299934,0.28614327020299934,0.28614327020299934,0.28614327020299934,0.28614327020299934,0.28614327020299934,0.0,0.0,0.0,221.9333052653337
2,2022-08-05,222.11093468275743,199.4412885720493,247.77702264441024,222.11093468275743,222.11093468275743,-0.2024667917108925,-0.2024667917108925,-0.2024667917108925,-0.2024667917108925,-0.2024667917108925,-0.2024667917108925,0.0,0.0,0.0,221.90846789104654
3,2022-08-08,223.50225274563755,199.28686642945033,245.29819993347277,223.50225274563755,223.50225274563755,-1.485918236398384,-1.485918236398384,-1.485918236398384,-1.485918236398384,-1.485918236398384,-1.485918236398384,0.0,0.0,0.0,222.01633450923916
4,2022-08-09,223.96602543326426,198.1901492167462,244.5693551357762,223.96602543326426,223.96602543326426,-2.9261513560959567,-2.9261513560959567,-2.9261513560959567,-2.9261513560959567,-2.9261513560959567,-2.9261513560959567,0.0,0.0,0.0,221.03987407716832
5,2022-08-10,224.42979812089098,198.71464417755993,246.39382795787597,224.42979812089098,224.42979812089098,-0.6385461912660955,-0.6385461912660955,-0.6385461912660955,-0.6385461912660955,-0.6385461912660955,-0.6385461912660955,0.0,0.0,0.0,223.79125192962488
6,2022-08-11,224.8935708085177,200.94876184853274,249.10601023174635,224.8935708085177,224.8935708085177,0.28614327020221364,0.28614327020221364,0.28614327020221364,0.28614327020221364,0.28614327020221364,0.28614327020221364,0.0,0.0,0.0,225.1797140787199
7,2022-08-12,225.3573434961444,199.51635635766243,249.2558049768035,225.3573434961444,225.3573434961444,-0.20246679171503276,-0.20246679171503276,-0.20246679171503276,-0.20246679171503276,-0.20246679171503276,-0.20246679171503276,0.0,0.0,0.0,225.15487670442937
8,2022-08-15,226.74866155902455,199.9424736964824,248.96558008442426,226.74866155902455,226.74866155902455,-1.4859182364027954,-1.4859182364027954,-1.4859182364027954,-1.4859182364027954,-1.4859182364027954,-1.4859182364027954,0.0,0.0,0.0,225.26274332262176
9,2022-08-16,227.21243424869328,198.48356629843,246.53909636681925,227.21243424869328,227.21243424869328,-2.9261513560936314,-2.9261513560936314,-2.9261513560936314,-2.9261513560936314,-2.9261513560936314,-2.9261513560936314,0.0,0.0,0.0,224.28628289259964
10,2022-08-17,227.676206938362,201.7016729495684,250.96057136026857,227.676206938362,227.676206938362,-0.638546191264598,-0.638546191264598,-0.638546191264598,-0.638546191264598,-0.638546191264598,-0.638546191264598,0.0,0.0,0.0,227.0376607470974
11,2022-08-18,228.13997962803074,204.01991602382438,251.52806497361215,228.13997962803074,228.13997962803074,0.28614327020460273,0.28614327020460273,0.28614327020460273,0.28614327020460273,0.28614327020460273,0.28614327020460273,0.0,0.0,0.0,228.42612289823535
12,2022-08-19,228.60375231769947,205.072009002251,251.14760464983098,228.60375231769947,228.60375231769947,-0.20246679171410442,-0.20246679171410442,-0.20246679171410442,-0.20246679171410442,-0.20246679171410442,-0.20246679171410442,0.0,0.0,0.0,228.40128552598537
13,2022-08-22,229.99507038670563,204.6931620800925,252.02285253167008,229.99507038670563,229.99507038670563,-1.4859182363885546,-1.4859182363885546,-1.4859182363885546,-1.4859182363885546,-1.4859182363885546,-1.4859182363885546,0.0,0.0,0.0,228.50915215031708
14,2022-08-23,230.45884307637436,203.13538863544693,250.57052116546967,230.45884307637436,230.45884307637436,-2.926151356098837,-2.926151356098837,-2.926151356098837,-2.926151356098837,-2.926151356098837,-2.926151356098837,0.0,0.0,0.0,227.53269172027552
15,2022-08-24,230.9226157660431,205.2462214021114,254.1818095326003,230.9226157660431,230.9226157660431,-0.6385461912631007,-0.6385461912631007,-0.6385461912631007,-0.6385461912631007,-0.6385461912631007,-0.6385461912631007,0.0,0.0,0.0,230.28406957478
16,2022-08-25,231.38638845571182,206.84369951998622,256.5125736314522,231.38638845571182,231.38638845571182,0.286143270203817,0.286143270203817,0.286143270203817,0.286143270203817,0.286143270203817,0.286143270203817,0.0,0.0,0.0,231.67253172591563
17,2022-08-26,231.85016826106474,208.28718018429336,256.33000985624017,231.85016826106474,231.85016826106474,-0.20246679171334928,-0.20246679171334928,-0.20246679171334928,-0.20246679171334928,-0.20246679171334928,-0.20246679171334928,0.0,0.0,0.0,231.64770146935138
18,2022-08-29,233.24150767712354,208.164093260579,255.2582118890371,233.24150767712354,233.24150767712354,-1.4859182363929662,-1.4859182363929662,-1.4859182363929662,-1.4859182363929662,-1.4859182363929662,-1.4859182363929662,0.0,0.0,0.0,231.75558944073057
19,2022-08-30,233.70528748247648,206.18592266470944,254.90263141901494,233.70528748247648,233.70528748247648,-2.92615135609762,-2.92615135609762,-2.92615135609762,-2.92615135609762,-2.92615135609762,-2.92615135609762,0.0,0.0,0.0,230.77913612637886
20,2022-08-31,234.1690672878294,209.13087868206014,258.16353319289425,234.1690672878294,234.1690672878294,-0.6385461912607918,-0.6385461912607918,-0.6385461912607918,-0.6385461912607918,-0.6385461912607918,-0.6385461912607918,0.0,0.0,0.0,233.5305210965686
21,2022-09-01,234.6328470931823,212.82347282245786,256.7952840639063,234.6328470931823,234.6328470931823,0.2861432702037397,0.2861432702037397,0.2861432702037397,0.2861432702037397,0.2861432702037397,0.2861432702037397,0.0,0.0,0.0,234.91899036338606
22,2022-09-02,235.09662689853525,212.31349826076774,257.6261117542738,235.09662689853525,235.09662689853525,-0.20246679171259466,-0.20246679171259466,-0.20246679171259466,-0.20246679171259466,-0.20246679171259466,-0.20246679171259466,0.0,0.0,0.0,234.89416010682265
23,2022-09-06,236.95174611994696,210.09310577041808,258.8513895434297,236.95174611994696,236.95174611994696,-2.926151356097511,-2.926151356097511,-2.926151356097511,-2.926151356097511,-2.926151356097511,-2.926151356097511,0.0,0.0,0.0,234.02559476384945
24,2022-09-07,237.4155259252999,213.47193427080649,260.7799897154533,237.4155259252999,237.4155259252999,-0.6385461912601058,-0.6385461912601058,-0.6385461912601058,-0.6385461912601058,-0.6385461912601058,-0.6385461912601058,0.0,0.0,0.0,236.7769797340398
25,2022-09-08,237.87933141935275,213.77584047081285,263.79089823018325,237.87933141935275,237.87933141935275,0.2861432702061287,0.2861432702061287,0.2861432702061287,0.2861432702061287,0.2861432702061287,0.2861432702061287,0.0,0.0,0.0,238.1654746895589
26,2022-09-09,238.3431369134056,214.53450692892739,262.5976999729363,238.3431369134056,238.3431369134056,-0.20246679171149284,-0.20246679171149284,-0.20246679171149284,-0.20246679171149284,-0.20246679171149284,-0.20246679171149284,0.0,0.0,0.0,238.14067012169411
27,2022-09-12,239.73455339556418,214.27306720064405,263.3482797248987,239.73455339556418,239.73455339556418,-1.485918236398233,-1.485918236398233,-1.485918236398233,-1.485918236398233,-1.485918236398233,-1.485918236398233,0.0,0.0,0.0,238.24863515916596
28,2022-09-13,240.198358889617,212.63713198419657,260.5333739865724,240.198358889617,240.198358889617,-2.9261513560974013,-2.9261513560974013,-2.9261513560974013,-2.9261513560974013,-2.9261513560974013,-2.9261513560974013,0.0,0.0,0.0,237.2722075335196
29,2022-09-14,240.66216438366985,216.28391509209746,264.0531080519375,240.66216438366985,240.66216438366985,-0.6385461912670608,-0.6385461912670608,-0.6385461912670608,-0.6385461912670608,-0.6385461912670608,-0.6385461912670608,0.0,0.0,0.0,240.02361819240278
30,2022-09-15,241.12596987772272,216.57562914865872,265.4728968276434,241.12596987772272,241.12596987772272,0.2861432702056972,0.2861432702056972,0.2861432702056972,0.2861432702056972,0.2861432702056972,0.2861432702056972,0.0,0.0,0.0,241.4121131479284
31,2022-09-16,241.5897753717756,217.49172492534922,264.4882697300031,241.5897753717756,241.5897753717756,-0.2024667917107377,-0.2024667917107377,-0.2024667917107377,-0.2024667917107377,-0.2024667917107377,-0.2024667917107377,0.0,0.0,0.0,241.38730858006485
32,2022-09-19,242.98119185393412,215.92000336351035,266.26873447678526,242.98119185393412,242.98119185393412,-1.4859182363851775,-1.4859182363851775,-1.4859182363851775,-1.4859182363851775,-1.4859182363851775,-1.4859182363851775,0.0,0.0,0.0,241.49527361754895
33,2022-09-20,243.5172408384506,216.8781431382318,265.5243832854261,243.5172408384506,243.5172408384506,-2.926151356095076,-2.926151356095076,-2.926151356095076,-2.926151356095076,-2.926151356095076,-2.926151356095076,0.0,0.0,0.0,240.59108948235553
34,2022-09-21,244.05328982296706,220.82341880816367,266.790705933043,244.05328982296706,244.05328982296706,-0.6385461912655637,-0.6385461912655637,-0.6385461912655637,-0.6385461912655637,-0.6385461912655637,-0.6385461912655637,0.0,0.0,0.0,243.4147436317015
35,2022-09-22,244.58933880748353,220.19286005135032,268.21852007030975,244.58933880748353,244.58933880748353,0.28614327020491154,0.28614327020491154,0.28614327020491154,0.28614327020491154,0.28614327020491154,0.28614327020491154,0.0,0.0,0.0,244.87548207768845
36,2022-09-23,245.125387792,220.72915156421584,268.6626865484499,245.125387792,245.125387792,-0.20246679170980958,-0.20246679170980958,-0.20246679170980958,-0.20246679170980958,-0.20246679170980958,-0.20246679170980958,0.0,0.0,0.0,244.9229210002902
37,2022-09-26,246.7335347455494,221.6453851114602,270.6368303452784,246.7335347455494,246.7335347455494,-1.4859182363884034,-1.4859182363884034,-1.4859182363884034,-1.4859182363884034,-1.4859182363884034,-1.4859182363884034,0.0,0.0,0.0,245.247616509161
38,2022-09-27,247.26958373006588,220.83573069092793,268.6421748986511,247.26958373006588,247.26958373006588,-2.926151356094967,-2.926151356094967,-2.926151356094967,-2.926151356094967,-2.926151356094967,-2.926151356094967,0.0,0.0,0.0,244.3434323739709
39,2022-09-28,247.80563271458232,225.30261934411234,270.244275761136,247.80563271458232,247.80563271458232,-0.6385461912632548,-0.6385461912632548,-0.6385461912632548,-0.6385461912632548,-0.6385461912632548,-0.6385461912632548,0.0,0.0,0.0,247.16708652331906
40,2022-09-29,248.34168169909879,225.48796780548665,272.7233546644335,248.34168169909879,248.34168169909879,0.28614327020448005,0.28614327020448005,0.28614327020448005,0.28614327020448005,0.28614327020448005,0.28614327020448005,0.0,0.0,0.0,248.62782496930328
41,2022-09-30,249.06787185680295,224.00914111857733,272.27338120462116,249.06787185680295,249.06787185680295,-0.2024667917137763,-0.2024667917137763,-0.2024667917137763,-0.2024667917137763,-0.2024667917137763,-0.2024667917137763,0.0,0.0,0.0,248.86540506508916
42,2022-10-03,251.24644232991554,226.36327812558,274.2889381336782,251.24644232991554,251.24644232991554,-1.4859182363904446,-1.4859182363904446,-1.4859182363904446,-1.4859182363904446,-1.4859182363904446,-1.4859182363904446,0.0,0.0,0.0,249.7605240935251
43,2022-10-04,251.9726324876197,224.1943186965598,273.2923323835638,251.9726324876197,251.9726324876197,-2.92615135609375,-2.92615135609375,-2.92615135609375,-2.92615135609375,-2.92615135609375,-2.92615135609375,0.0,0.0,0.0,249.04648113152595
44,2022-10-05,252.69882264532387,229.2436598710645,277.0188749778439,252.69882264532387,252.69882264532387,-0.6385461912718328,-0.6385461912718328,-0.6385461912718328,-0.6385461912718328,-0.6385461912718328,-0.6385461912718328,0.0,0.0,0.0,252.06027645405203
45,2022-10-06,253.42501280302804,229.81668439256796,277.6104006321771,253.42501280302804,253.42501280302804,0.28614327020369434,0.28614327020369434,0.28614327020369434,0.28614327020369434,0.28614327020369434,0.28614327020369434,0.0,0.0,0.0,253.71115607323173
46,2022-10-07,254.1512029607322,229.80743579734977,278.03736105545516,254.1512029607322,254.1512029607322,-0.2024667917128482,-0.2024667917128482,-0.2024667917128482,-0.2024667917128482,-0.2024667917128482,-0.2024667917128482,0.0,0.0,0.0,253.94873616901936
47,2022-10-10,256.32977343384476,230.1879376147663,279.0660947931074,256.32977343384476,256.32977343384476,-1.4859182363936705,-1.4859182363936705,-1.4859182363936705,-1.4859182363936705,-1.4859182363936705,-1.4859182363936705,0.0,0.0,0.0,254.8438551974511
48,2022-10-11,257.05596359154896,231.12329386253276,277.7967014238646,257.05596359154896,257.05596359154896,-2.9261513560978476,-2.9261513560978476,-2.9261513560978476,-2.9261513560978476,-2.9261513560978476,-2.9261513560978476,0.0,0.0,0.0,254.1298122354511
49,2022-10-12,257.78477319917516,231.67435182819403,281.1303744770525,257.78477319917516,257.78477319917516,-0.6385461912703354,-0.6385461912703354,-0.6385461912703354,-0.6385461912703354,-0.6385461912703354,-0.6385461912703354,0.0,0.0,0.0,257.1462270079048
50,2022-10-13,258.51358280680137,236.1012566508071,283.2062354937854,258.51358280680137,258.51358280680137,0.28614327020361696,0.28614327020361696,0.28614327020361696,0.28614327020361696,0.28614327020361696,0.28614327020361696,0.0,0.0,0.0,258.799726077005
51,2022-10-14,259.24239241442757,236.38112538528205,282.4791844892757,259.24239241442757,259.24239241442757,-0.20246679171209306,-0.20246679171209306,-0.20246679171209306,-0.20246679171209306,-0.20246679171209306,-0.20246679171209306,0.0,0.0,0.0,259.0399256227155
52,2022-10-17,261.4288212373061,236.9039801833749,282.364853830328,261.4288212373061,261.4288212373061,-1.4859182363957117,-1.4859182363957117,-1.4859182363957117,-1.4859182363957117,-1.4859182363957117,-1.4859182363957117,0.0,0.0,0.0,259.9429030009104
53,2022-10-18,262.1576308449324,234.33527721131279,283.3153661068613,262.1576308449324,262.1576308449324,-2.92615135609663,-2.92615135609663,-2.92615135609663,-2.92615135609663,-2.92615135609663,-2.92615135609663,0.0,0.0,0.0,259.23147948883576
54,2022-10-19,262.88644045255853,237.61557974529646,285.0615116616427,262.88644045255853,262.88644045255853,-0.6385461912688383,-0.6385461912688383,-0.6385461912688383,-0.6385461912688383,-0.6385461912688383,-0.6385461912688383,0.0,0.0,0.0,262.2478942612897
55,2022-10-20,263.61525006018474,238.62487107944904,289.1663372604948,263.61525006018474,263.61525006018474,0.28614327020283126,0.28614327020283126,0.28614327020283126,0.28614327020283126,0.28614327020283126,0.28614327020283126,0.0,0.0,0.0,263.9013933303876
56,2022-10-21,264.34405966781094,239.6233293445945,288.12336045401986,264.34405966781094,264.34405966781094,-0.20246679171116494,-0.20246679171116494,-0.20246679171116494,-0.20246679171116494,-0.20246679171116494,-0.20246679171116494,0.0,0.0,0.0,264.14159287609976
57,2022-10-24,266.5308278202186,242.651832328756,287.2989656393505,266.5308278202186,266.5308278202186,-1.4859182364001229,-1.4859182364001229,-1.4859182364001229,-1.4859182364001229,-1.4859182364001229,-1.4859182364001229,0.0,0.0,0.0,265.0449095838185
58,2022-10-25,267.2597505376878,240.92253580942506,286.4917574239052,267.2597505376878,267.2597505376878,-2.926151356096521,-2.926151356096521,-2.926151356096521,-2.926151356096521,-2.926151356096521,-2.926151356096521,0.0,0.0,0.0,264.3335991815913
59,2022-10-26,267.988673255157,243.79706682730256,290.2789702070376,267.988673255157,267.988673255157,-0.6385461912665293,-0.6385461912665293,-0.6385461912665293,-0.6385461912665293,-0.6385461912665293,-0.6385461912665293,0.0,0.0,0.0,267.35012706389045
60,2022-10-27,268.71759597262627,244.22461207688838,293.05959323828233,268.71759597262627,268.71759597262627,0.28614327020522035,0.28614327020522035,0.28614327020522035,0.28614327020522035,0.28614327020522035,0.28614327020522035,0.0,0.0,0.0,269.0037392428315
61,2022-10-28,269.44651869009544,245.30009557209326,294.1498356302354,269.44651869009544,269.44651869009544,-0.20246679171040977,-0.20246679171040977,-0.20246679171040977,-0.20246679171040977,-0.20246679171040977,-0.20246679171040977,0.0,0.0,0.0,269.244051898385
62,2022-10-31,271.6332868425031,245.23796442949094,294.99785501100604,271.6332868425031,271.6332868425031,-1.4859182364021637,-1.4859182364021637,-1.4859182364021637,-1.4859182364021637,-1.4859182364021637,-1.4859182364021637,0.0,0.0,0.0,270.14736860610094
63,2022-11-01,272.3622095599723,244.6214485432519,292.7132595285433,272.3622095599723,272.3622095599723,-2.9261513560995107,-2.9261513560995107,-2.9261513560995107,-2.9261513560995107,-2.9261513560995107,-2.9261513560995107,0.0,0.0,0.0,269.4360582038728
64,2022-11-02,273.0911322774415,248.45598564141474,296.5676096646179,273.0911322774415,273.0911322774415,-0.6385461912642204,-0.6385461912642204,-0.6385461912642204,-0.6385461912642204,-0.6385461912642204,-0.6385461912642204,0.0,0.0,0.0,272.4525860861773
65,2022-11-03,273.82005499391676,249.1407966896677,300.18426170424766,273.82005499391676,273.82005499391676,0.2861432702047888,0.2861432702047888,0.2861432702047888,0.2861432702047888,0.2861432702047888,0.2861432702047888,0.0,0.0,0.0,274.10619826412153
66,2022-11-04,274.5489777103919,251.46245925313482,298.9559620497019,274.5489777103919,274.5489777103919,-0.2024667917093081,-0.2024667917093081,-0.2024667917093081,-0.2024667917093081,-0.2024667917093081,-0.2024667917093081,0.0,0.0,0.0,274.3465109186826
67,2022-11-07,276.7357458598175,252.12954129151058,298.36713247058503,276.7357458598175,276.7357458598175,-1.4859182363891081,-1.4859182363891081,-1.4859182363891081,-1.4859182363891081,-1.4859182363891081,-1.4859182363891081,0.0,0.0,0.0,275.24982762342836
68,2022-11-08,277.46466857629275,251.21278748367024,300.3243251191007,277.46466857629275,277.46466857629275,-2.9261513560994015,-2.9261513560994015,-2.9261513560994015,-2.9261513560994015,-2.9261513560994015,-2.9261513560994015,0.0,0.0,0.0,274.53851722019334
69,2022-11-09,278.1935912927679,253.11953314339974,301.88277510241284,278.1935912927679,278.1935912927679,-0.6385461912627232,-0.6385461912627232,-0.6385461912627232,-0.6385461912627232,-0.6385461912627232,-0.6385461912627232,0.0,0.0,0.0,277.5550451015052
70,2022-11-10,278.9225140092431,253.98664146052414,302.42752353522224,278.9225140092431,278.9225140092431,0.2861432702043573,0.2861432702043573,0.2861432702043573,0.2861432702043573,0.2861432702043573,0.2861432702043573,0.0,0.0,0.0,279.2086572794475
71,2022-11-11,279.65143672571827,255.4980273476672,303.12595711761475,279.65143672571827,279.65143672571827,-0.20246679170855333,-0.20246679170855333,-0.20246679170855333,-0.20246679170855333,-0.20246679170855333,-0.20246679170855333,0.0,0.0,0.0,279.4489699340097
72,2022-11-14,281.8382048751439,256.7479194786834,305.46547983759706,281.8382048751439,281.8382048751439,-1.4859182363923344,-1.4859182363923344,-1.4859182363923344,-1.4859182363923344,-1.4859182363923344,-1.4859182363923344,0.0,0.0,0.0,280.3522866387516
73,2022-11-15,282.5671275939431,254.87558054764915,301.70640514458705,282.5671275939431,282.5671275939431,-2.9261513560970753,-2.9261513560970753,-2.9261513560970753,-2.9261513560970753,-2.9261513560970753,-2.9261513560970753,0.0,0.0,0.0,279.640976237846
74,2022-11-16,283.2960503127424,258.56750893804724,306.82863448099147,283.2960503127424,283.2960503127424,-0.6385461912612258,-0.6385461912612258,-0.6385461912612258,-0.6385461912612258,-0.6385461912612258,-0.6385461912612258,0.0,0.0,0.0,282.65750412148117
75,2022-11-17,284.0249730315416,261.7783659492387,307.90598895422886,284.0249730315416,284.0249730315416,0.28614327020357166,0.28614327020357166,0.28614327020357166,0.28614327020357166,0.28614327020357166,0.28614327020357166,0.0,0.0,0.0,284.3111163017452
76,2022-11-18,284.75389575034086,261.6332746588509,307.7323005022173,284.75389575034086,284.75389575034086,-0.2024667917123469,-0.2024667917123469,-0.2024667917123469,-0.2024667917123469,-0.2024667917123469,-0.2024667917123469,0.0,0.0,0.0,284.5514289586285
77,2022-11-21,286.94066390673856,261.707371893798,309.4337255443216,286.94066390673856,286.94066390673856,-1.4859182363955605,-1.4859182363955605,-1.4859182363955605,-1.4859182363955605,-1.4859182363955605,-1.4859182363955605,0.0,0.0,0.0,285.454745670343
78,2022-11-22,287.6695866255379,260.4685033099629,308.44704424153804,287.6695866255379,287.6695866255379,-2.9261513560969665,-2.9261513560969665,-2.9261513560969665,-2.9261513560969665,-2.9261513560969665,-2.9261513560969665,0.0,0.0,0.0,284.7434352694409
79,2022-11-23,288.39850934433707,264.66538970615676,312.09644923969864,288.39850934433707,288.39850934433707,-0.6385461912689923,-0.6385461912689923,-0.6385461912689923,-0.6385461912689923,-0.6385461912689923,-0.6385461912689923,0.0,0.0,0.0,287.7599631530681
80,2022-11-25,289.8563547819355,265.606902340279,312.95231668509695,289.8563547819355,289.8563547819355,-0.20246679171159201,-0.20246679171159201,-0.20246679171159201,-0.20246679171159201,-0.20246679171159201,-0.20246679171159201,0.0,0.0,0.0,289.65388799022395
81,2022-11-28,292.0431229972465,266.99655738936417,314.86046927446864,292.0431229972465,292.0431229972465,-1.485918236382505,-1.485918236382505,-1.485918236382505,-1.485918236382505,-1.485918236382505,-1.485918236382505,0.0,0.0,0.0,290.55720476086395
82,2022-11-29,292.7720457356835,265.93359448591,314.05157361049464,292.7720457356835,292.7720457356835,-2.9261513560957493,-2.9261513560957493,-2.9261513560957493,-2.9261513560957493,-2.9261513560957493,-2.9261513560957493,0.0,0.0,0.0,289.8458943795877
83,2022-11-30,293.50096847412044,267.3947158855154,316.79683359187806,293.50096847412044,293.50096847412044,-0.6385461912666834,-0.6385461912666834,-0.6385461912666834,-0.6385461912666834,-0.6385461912666834,-0.6385461912666834,0.0,0.0,0.0,292.86242228285374
84,2022-12-01,294.22989121255745,271.13589791840525,318.20152786096327,294.22989121255745,294.22989121255745,0.28614327020235447,0.28614327020235447,0.28614327020235447,0.28614327020235447,0.28614327020235447,0.28614327020235447,0.0,0.0,0.0,294.5160344827598
85,2022-12-02,294.9588139509944,270.7237802388241,318.4754526555596,294.9588139509944,294.9588139509944,-0.20246679171066348,-0.20246679171066348,-0.20246679171066348,-0.20246679171066348,-0.20246679171066348,-0.20246679171066348,0.0,0.0,0.0,294.75634715928373
86,2022-12-05,297.14558216630536,270.60787054693657,318.4439114480807,297.14558216630536,297.14558216630536,-1.4859182363857313,-1.4859182363857313,-1.4859182363857313,-1.4859182363857313,-1.4859182363857313,-1.4859182363857313,0.0,0.0,0.0,295.65966392991965
87,2022-12-06,297.87450490474237,271.1353228883178,318.3830485121133,297.87450490474237,297.87450490474237,-2.9261513560956396,-2.9261513560956396,-2.9261513560956396,-2.9261513560956396,-2.9261513560956396,-2.9261513560956396,0.0,0.0,0.0,294.9483535486467
88,2022-12-07,298.60342764317926,273.98005633948856,322.83877798168004,298.60342764317926,298.60342764317926,-0.6385461912659977,-0.6385461912659977,-0.6385461912659977,-0.6385461912659977,-0.6385461912659977,-0.6385461912659977,0.0,0.0,0.0,297.96488145191324
89,2022-12-08,299.3323503428064,275.5478017184733,324.90970811927247,299.3323503428064,299.3323503428064,0.28614327020192293,0.28614327020192293,0.28614327020192293,0.28614327020192293,0.28614327020192293,0.28614327020192293,0.0,0.0,0.0,299.61849361300835
90,2022-12-09,300.0612730424336,273.3193787122651,324.37754360885157,300.0612730424336,300.0612730424336,-0.20246679171463064,-0.20246679171463064,-0.20246679171463064,-0.20246679171463064,-0.20246679171463064,-0.20246679171463064,0.0,0.0,0.0,299.85880625071894
91,2022-12-12,302.248041141315,277.4472719945154,325.37267157901294,302.248041141315,302.248041141315,-1.485918236387772,-1.485918236387772,-1.485918236387772,-1.485918236387772,-1.485918236387772,-1.485918236387772,0.0,0.0,0.0,300.76212290492725
92,2022-12-13,302.9769638409422,275.62160376425675,325.0953696147883,302.9769638409422,302.9769638409422,-2.926151356094423,-2.926151356094423,-2.926151356094423,-2.926151356094423,-2.926151356094423,-2.926151356094423,0.0,0.0,0.0,300.05081248484777
93,2022-12-14,303.70588654056934,279.08255619589886,325.5591741056455,303.70588654056934,303.70588654056934,-0.6385461912636887,-0.6385461912636887,-0.6385461912636887,-0.6385461912636887,-0.6385461912636887,-0.6385461912636887,0.0,0.0,0.0,303.06734034930565
94,2022-12-15,304.4348092401965,281.07166747994876,328.7463328130667,304.4348092401965,304.4348092401965,0.28614327020466607,0.28614327020466607,0.28614327020466607,0.28614327020466607,0.28614327020466607,0.28614327020466607,0.0,0.0,0.0,304.72095251040116
95,2022-12-16,305.16373193982366,280.17120758030325,328.26388655986216,305.16373193982366,305.16373193982366,-0.20246679171370213,-0.20246679171370213,-0.20246679171370213,-0.20246679171370213,-0.20246679171370213,-0.20246679171370213,0.0,0.0,0.0,304.96126514811
96,2022-12-19,307.35050003870504,282.56744850496176,329.96339317205974,307.35050003870504,307.35050003870504,-1.4859182363921835,-1.4859182363921835,-1.4859182363921835,-1.4859182363921835,-1.4859182363921835,-1.4859182363921835,0.0,0.0,0.0,305.86458180231284
97,2022-12-20,308.0794227449193,282.1171185715103,330.9069361183604,308.0794227449193,308.0794227449193,-2.926151356098521,-2.926151356098521,-2.926151356098521,-2.926151356098521,-2.926151356098521,-2.926151356098521,0.0,0.0,0.0,305.1532713888208
98,2022-12-21,308.8083454511336,284.4066619452998,331.84974681496425,308.8083454511336,308.8083454511336,-0.6385461912621913,-0.6385461912621913,-0.6385461912621913,-0.6385461912621913,-0.6385461912621913,-0.6385461912621913,0.0,0.0,0.0,308.1697992598714
99,2022-12-22,309.5372681573479,286.66710324286436,334.1637024443327,309.5372681573479,309.5372681573479,0.2861432702038805,0.2861432702038805,0.2861432702038805,0.2861432702038805,0.2861432702038805,0.2861432702038805,0.0,0.0,0.0,309.8234114275518
100,2022-12-23,310.2661908635622,286.0325340283791,333.018413757498,310.2661908635622,310.2661908635622,-0.20246679171294737,-0.20246679171294737,-0.20246679171294737,-0.20246679171294737,-0.20246679171294737,-0.20246679171294737,0.0,0.0,0.0,310.06372407184926
101,2022-12-27,313.18188168841937,286.7486196373503,333.67060610601726,313.18188168841937,313.18188168841937,-2.9261513560973027,-2.9261513560973027,-2.9261513560973027,-2.9261513560973027,-2.9261513560973027,-2.9261513560973027,0.0,0.0,0.0,310.25573033232206
102,2022-12-28,313.91080439463366,290.04149901772985,338.4125848452801,313.91080439463366,313.91080439463366,-0.6385461912598827,-0.6385461912598827,-0.6385461912598827,-0.6385461912598827,-0.6385461912598827,-0.6385461912598827,0.0,0.0,0.0,313.2722582033738
103,2022-12-29,314.63972710084795,291.5784083937593,338.43255224233764,314.63972710084795,314.63972710084795,0.2861432702034489,0.2861432702034489,0.2861432702034489,0.2861432702034489,0.2861432702034489,0.2861432702034489,0.0,0.0,0.0,314.9258703710514
104,2022-12-30,315.36864975402403,290.7880275829898,338.35585524772216,315.36864975402403,315.36864975402403,-0.20246679171184567,-0.20246679171184567,-0.20246679171184567,-0.20246679171184567,-0.20246679171184567,-0.20246679171184567,0.0,0.0,0.0,315.1661829623122
105,2023-01-03,318.2843403667283,291.81110059046904,339.3146923715159,318.2843403667283,318.2843403667283,-2.926151356097194,-2.926151356097194,-2.926151356097194,-2.926151356097194,-2.926151356097194,-2.926151356097194,0.0,0.0,0.0,315.3581890106311
106,2023-01-04,319.0132630199044,295.00153048810733,340.42491861764336,319.0132630199044,319.0132630199044,-0.6385461912583852,-0.6385461912583852,-0.6385461912583852,-0.6385461912583852,-0.6385461912583852,-0.6385461912583852,0.0,0.0,0.0,318.374716828646
107,2023-01-05,319.7421856730805,295.6683593942667,343.1978957831991,319.7421856730805,319.7421856730805,0.28614327020548386,0.28614327020548386,0.28614327020548386,0.28614327020548386,0.28614327020548386,0.28614327020548386,0.0,0.0,0.0,320.02832894328594
108,2023-01-06,320.47110832625657,295.9836357588429,344.5924319406892,320.47110832625657,320.47110832625657,-0.20246679171109072,-0.20246679171109072,-0.20246679171109072,-0.20246679171109072,-0.20246679171109072,-0.20246679171109072,0.0,0.0,0.0,320.26864153454545
109,2023-01-09,322.6578762857848,298.07425997833957,346.404518075338,322.6578762857848,322.6578762857848,-1.4859182363994912,-1.4859182363994912,-1.4859182363994912,-1.4859182363994912,-1.4859182363994912,-1.4859182363994912,0.0,0.0,0.0,321.17195804938535
110,2023-01-10,323.38679893896085,295.0998939901695,347.26225763364386,323.38679893896085,323.38679893896085,-2.9261513560948686,-2.9261513560948686,-2.9261513560948686,-2.9261513560948686,-2.9261513560948686,-2.9261513560948686,0.0,0.0,0.0,320.460647582866
111,2023-01-11,324.1157215921369,299.61106074099644,347.93165717279635,324.1157215921369,324.1157215921369,-0.6385461912669632,-0.6385461912669632,-0.6385461912669632,-0.6385461912669632,-0.6385461912669632,-0.6385461912669632,0.0,0.0,0.0,323.4771754008699
112,2023-01-12,324.84464362263276,301.208482314624,349.40877348709773,324.84464362263276,324.84464362263276,0.28614327020540636,0.28614327020540636,0.28614327020540636,0.28614327020540636,0.28614327020540636,0.28614327020540636,0.0,0.0,0.0,325.13078689283816
113,2023-01-13,325.5735656531286,300.3016308099818,348.8453198049188,325.5735656531286,325.5735656531286,-0.20246679171033577,-0.20246679171033577,-0.20246679171033577,-0.20246679171033577,-0.20246679171033577,-0.20246679171033577,0.0,0.0,0.0,325.37109886141826
114,2023-01-17,328.4892537751118,302.5516508644897,350.0144256716084,328.4892537751118,328.4892537751118,-2.926151356094759,-2.926151356094759,-2.926151356094759,-2.926151356094759,-2.926151356094759,-2.926151356094759,0.0,0.0,0.0,325.56310241901707
115,2023-01-18,329.21817580560764,304.6340246336429,353.64575873361474,329.21817580560764,329.21817580560764,-0.6385461912654657,-0.6385461912654657,-0.6385461912654657,-0.6385461912654657,-0.6385461912654657,-0.6385461912654657,0.0,0.0,0.0,328.5796296143422
116,2023-01-19,329.94709783610347,304.57955751072564,354.0185876088493,329.94709783610347,329.94709783610347,0.28614327020462077,0.28614327020462077,0.28614327020462077,0.28614327020462077,0.28614327020462077,0.28614327020462077,0.0,0.0,0.0,330.23324110630807
117,2023-01-20,330.67601986659923,305.44269743857154,354.3586656768484,330.67601986659923,330.67601986659923,-0.20246679170940723,-0.20246679170940723,-0.20246679170940723,-0.20246679170940723,-0.20246679170940723,-0.20246679170940723,0.0,0.0,0.0,330.4735530748898
118,2023-01-23,332.8627859580867,307.6026346871593,352.9504608890068,332.8627859580867,332.8627859580867,-1.4859182363896617,-1.4859182363896617,-1.4859182363896617,-1.4859182363896617,-1.4859182363896617,-1.4859182363896617,0.0,0.0,0.0,331.37686772169707
119,2023-01-24,333.5917079885825,305.423556676145,354.70054182989526,333.5917079885825,333.5917079885825,-2.9261513560946497,-2.9261513560946497,-2.9261513560946497,-2.9261513560946497,-2.9261513560946497,-2.9261513560946497,0.0,0.0,0.0,330.6655566324879
120,2023-01-25,333.84174501943534,309.0776744986362,358.0341559338166,333.84174501943534,333.84174501943534,-0.6385461912631571,-0.6385461912631571,-0.6385461912631571,-0.6385461912631571,-0.6385461912631571,-0.6385461912631571,0.0,0.0,0.0,333.20319882817216
121,2023-01-26,334.09178205028815,312.37530258506524,358.02420528156665,334.09178205028815,334.09178205028815,0.2861432702041892,0.2861432702041892,0.2861432702041892,0.2861432702041892,0.2861432702041892,0.2861432702041892,0.0,0.0,0.0,334.37792532049235
122,2023-01-27,334.34181908114095,310.53678186677365,359.5120548496832,334.34181908114095,334.34181908114095,-0.20246679171354773,-0.20246679171354773,-0.20246679171354773,-0.20246679171354773,-0.20246679171354773,-0.20246679171354773,0.0,0.0,0.0,334.1393522894274
123,2023-01-30,335.09193017369944,310.49263649933965,358.1638356902347,335.09193017369944,335.09193017369944,-1.4859182363917027,-1.4859182363917027,-1.4859182363917027,-1.4859182363917027,-1.4859182363917027,-1.4859182363917027,0.0,0.0,0.0,333.60601193730776
124,2023-01-31,335.34196720455225,307.64680095061715,356.0633173435443,335.34196720455225,335.34196720455225,-2.926151356093433,-2.926151356093433,-2.926151356093433,-2.926151356093433,-2.926151356093433,-2.926151356093433,0.0,0.0,0.0,332.4158158484588
125,2023-02-01,335.59200423540506,311.4500746701507,357.90439748925667,335.59200423540506,335.59200423540506,-0.6385461912709234,-0.6385461912709234,-0.6385461912709234,-0.6385461912709234,-0.6385461912709234,-0.6385461912709234,0.0,0.0,0.0,334.95345804413415
126,2023-02-02,335.84204126625787,312.7342805521188,360.1321376314909,335.84204126625787,335.84204126625787,0.2861432702037577,0.2861432702037577,0.2861432702037577,0.2861432702037577,0.2861432702037577,0.2861432702037577,0.0,0.0,0.0,336.1281845364616
127,2023-02-03,336.0920782971107,312.6848493093455,362.84345357007845,336.0920782971107,336.0920782971107,-0.2024667917124461,-0.2024667917124461,-0.2024667917124461,-0.2024667917124461,-0.2024667917124461,-0.2024667917124461,0.0,0.0,0.0,335.88961150539825
128,2023-02-06,335.6411620748656,310.47870759139187,356.71152082212285,335.6411620748656,335.6411620748656,-1.485918236394929,-1.485918236394929,-1.485918236394929,-1.485918236394929,-1.485918236394929,-1.485918236394929,0.0,0.0,0.0,334.15524383847065
129,2023-02-07,335.4908566674505,309.3798982125943,355.0668580120813,335.4908566674505,335.4908566674505,-2.926151356098639,-2.926151356098639,-2.926151356098639,-2.926151356098639,-2.926151356098639,-2.926151356098639,0.0,0.0,0.0,332.5647053113519
130,2023-02-08,335.34055126003545,312.34847835846693,357.03948668259164,335.34055126003545,335.34055126003545,-0.6385461912686148,-0.6385461912686148,-0.6385461912686148,-0.6385461912686148,-0.6385461912686148,-0.6385461912686148,0.0,0.0,0.0,334.7020050687668
131,2023-02-09,335.1902458526204,312.4554542431953,361.8125233326743,335.1902458526204,335.1902458526204,0.28614327020332614,0.28614327020332614,0.28614327020332614,0.28614327020332614,0.28614327020332614,0.28614327020332614,0.0,0.0,0.0,335.4763891228238
132,2023-02-10,335.0399404452054,311.9056214279488,360.49184359065197,335.0399404452054,335.0399404452054,-0.20246679171169113,-0.20246679171169113,-0.20246679171169113,-0.20246679171169113,-0.20246679171169113,-0.20246679171169113,0.0,0.0,0.0,334.8374736534937
133,2023-02-13,334.5890242229603,311.23180637401856,357.6358987248094,334.5890242229603,334.5890242229603,-1.485918236398155,-1.485918236398155,-1.485918236398155,-1.485918236398155,-1.485918236398155,-1.485918236398155,0.0,0.0,0.0,333.1031059865621
134,2023-02-14,334.4387188155452,306.65681925273566,355.28227706428754,334.4387188155452,334.4387188155452,-2.9261513560952053,-2.9261513560952053,-2.9261513560952053,-2.9261513560952053,-2.9261513560952053,-2.9261513560952053,0.0,0.0,0.0,331.51256745945
135,2023-02-15,334.2884134081302,309.49028174865737,357.749448833888,334.2884134081302,334.2884134081302,-0.6385461912679288,-0.6385461912679288,-0.6385461912679288,-0.6385461912679288,-0.6385461912679288,-0.6385461912679288,0.0,0.0,0.0,333.6498672168623
136,2023-02-16,334.13810798532,310.3797862057292,358.19130024195834,334.13810798532,334.13810798532,0.28614327020254055,0.28614327020254055,0.28614327020254055,0.28614327020254055,0.28614327020254055,0.28614327020254055,0.0,0.0,0.0,334.42425125552256
137,2023-02-17,333.9878025625097,309.56125467368474,358.3316773118602,333.9878025625097,333.9878025625097,-0.2024667917107626,-0.2024667917107626,-0.2024667917107626,-0.2024667917107626,-0.2024667917107626,-0.2024667917107626,0.0,0.0,0.0,333.78533577079895
138,2023-02-21,333.38658087126885,306.5050100863434,352.32029607481013,333.38658087126885,333.38658087126885,-2.926151356095096,-2.926151356095096,-2.926151356095096,-2.926151356095096,-2.926151356095096,-2.926151356095096,0.0,0.0,0.0,330.46042951517376
139,2023-02-22,333.23627544845857,309.89348329528195,356.3714518178206,333.23627544845857,333.23627544845857,-0.6385461912656202,-0.6385461912656202,-0.6385461912656202,-0.6385461912656202,-0.6385461912656202,-0.6385461912656202,0.0,0.0,0.0,332.59772925719295
140,2023-02-23,333.08597002564835,308.07861954240883,356.8401849010098,333.08597002564835,333.08597002564835,0.2861432702049296,0.2861432702049296,0.2861432702049296,0.2861432702049296,0.2861432702049296,0.2861432702049296,0.0,0.0,0.0,333.3721132958533
141,2023-02-24,332.9356646028381,308.69144492689134,357.23802485157466,332.9356646028381,332.9356646028381,-0.20246679171472995,-0.20246679171472995,-0.20246679171472995,-0.20246679171472995,-0.20246679171472995,-0.20246679171472995,0.0,0.0,0.0,332.7331978111233
142,2023-02-27,332.48474833440736,306.0921518033751,356.15939169378987,332.48474833440736,332.48474833440736,-1.4859182364034218,-1.4859182364034218,-1.4859182364034218,-1.4859182364034218,-1.4859182364034218,-1.4859182364034218,0.0,0.0,0.0,330.9988300980039
143,2023-02-28,332.3344429115972,306.1800600657881,353.59158063646487,332.3344429115972,332.3344429115972,-2.9261513560991936,-2.9261513560991936,-2.9261513560991936,-2.9261513560991936,-2.9261513560991936,-2.9261513560991936,0.0,0.0,0.0,329.408291555498
144,2023-03-01,332.1841375174082,306.716738682263,355.42064468426094,332.1841375174082,332.1841375174082,-0.6385461912633112,-0.6385461912633112,-0.6385461912633112,-0.6385461912633112,-0.6385461912633112,-0.6385461912633112,0.0,0.0,0.0,331.5455913261449
145,2023-03-02,332.03383212321927,308.4302597765032,356.3021418809704,332.03383212321927,332.03383212321927,0.286143270204144,0.286143270204144,0.286143270204144,0.286143270204144,0.286143270204144,0.286143270204144,0.0,0.0,0.0,332.3199753934234
146,2023-03-03,331.88352672903034,306.5211988729053,355.6151388428498,331.88352672903034,331.88352672903034,-0.20246679171380166,-0.20246679171380166,-0.20246679171380166,-0.20246679171380166,-0.20246679171380166,-0.20246679171380166,0.0,0.0,0.0,331.68105993731655
147,2023-03-06,331.4326105464635,304.56837521950126,356.1314020617884,331.4326105464635,331.4326105464635,-1.4859182363903665,-1.4859182363903665,-1.4859182363903665,-1.4859182363903665,-1.4859182363903665,-1.4859182363903665,0.0,0.0,0.0,329.9466923100731
148,2023-03-07,331.28230515227455,304.0211611403631,351.94850311644024,331.28230515227455,331.28230515227455,-2.9261513560990844,-2.9261513560990844,-2.9261513560990844,-2.9261513560990844,-2.9261513560990844,-2.9261513560990844,0.0,0.0,0.0,328.3561537961755
149,2023-03-08,331.13199975808556,304.79356817921996,353.61580945784067,331.13199975808556,331.13199975808556,-0.6385461912626254,-0.6385461912626254,-0.6385461912626254,-0.6385461912626254,-0.6385461912626254,-0.6385461912626254,0.0,0.0,0.0,330.49345356682295
150,2023-03-09,330.9816943638966,307.36122983726233,354.9891197450219,330.9816943638966,330.9816943638966,0.2861432702040665,0.2861432702040665,0.2861432702040665,0.2861432702040665,0.2861432702040665,0.2861432702040665,0.0,0.0,0.0,331.2678376341007
151,2023-03-10,330.83138896970763,308.0616684364038,353.70764652598257,330.83138896970763,330.83138896970763,-0.20246679171287316,-0.20246679171287316,-0.20246679171287316,-0.20246679171287316,-0.20246679171287316,-0.20246679171287316,0.0,0.0,0.0,330.62892217799475
152,2023-03-13,330.4165506045895,305.2218711135735,351.823160023351,330.4165506045895,330.4165506045895,-1.4859182363935923,-1.4859182363935923,-1.4859182363935923,-1.4859182363935923,-1.4859182363935923,-1.4859182363935923,0.0,0.0,0.0,328.93063236819586
153,2023-03-14,330.27827114955005,304.6545139248702,350.83844854359774,330.27827114955005,330.27827114955005,-2.926151356097867,-2.926151356097867,-2.926151356097867,-2.926151356097867,-2.926151356097867,-2.926151356097867,0.0,0.0,0.0,327.3521197934522
154,2023-03-15,330.1399916945107,305.89075481398953,354.6591350717417,330.1399916945107,330.1399916945107,-0.6385461912603165,-0.6385461912603165,-0.6385461912603165,-0.6385461912603165,-0.6385461912603165,-0.6385461912603165,0.0,0.0,0.0,329.50144550325035
155,2023-03-16,330.0017122394713,306.7034774972629,353.02077586055753,330.0017122394713,330.0017122394713,0.2861432702032809,0.2861432702032809,0.2861432702032809,0.2861432702032809,0.2861432702032809,0.2861432702032809,0.0,0.0,0.0,330.2878555096746
156,2023-03-17,329.8634327844319,305.78987396238654,353.3991312237085,329.8634327844319,329.8634327844319,-0.20246679171194484,-0.20246679171194484,-0.20246679171194484,-0.20246679171194484,-0.20246679171194484,-0.20246679171194484,0.0,0.0,0.0,329.6609659927199
157,2023-03-20,329.4485944193137,303.86252122587916,351.7393686246492,329.4485944193137,329.4485944193137,-1.4859182363980037,-1.4859182363980037,-1.4859182363980037,-1.4859182363980037,-1.4859182363980037,-1.4859182363980037,0.0,0.0,0.0,327.9626761829157
158,2023-03-21,329.3103149642743,302.4393733609521,349.97645342207056,329.3103149642743,329.3103149642743,-2.9261513560966494,-2.9261513560966494,-2.9261513560966494,-2.9261513560966494,-2.9261513560966494,-2.9261513560966494,0.0,0.0,0.0,326.3841636081777
159,2023-03-22,329.17203550923495,305.3223823304013,351.2650903811255,329.17203550923495,329.17203550923495,-0.638546191268083,-0.638546191268083,-0.638546191268083,-0.638546191268083,-0.638546191268083,-0.638546191268083,0.0,0.0,0.0,328.5334893179669
160,2023-03-23,329.22631535475307,305.0203927202496,351.8433278594892,329.22631535475307,329.22631535475307,0.28614327020249525,0.28614327020249525,0.28614327020249525,0.28614327020249525,0.28614327020249525,0.28614327020249525,0.0,0.0,0.0,329.51245862495557
161,2023-03-24,329.2805952002713,306.4587465589328,352.3893184248498,329.2805952002713,329.2805952002713,-0.20246679171118986,-0.20246679171118986,-0.20246679171118986,-0.20246679171118986,-0.20246679171118986,-0.20246679171118986,0.0,0.0,0.0,329.07812840856013
162,2023-03-27,329.44343473682585,305.13047808035105,351.50678087114215,329.44343473682585,329.44343473682585,-1.4859182363837633,-1.4859182363837633,-1.4859182363837633,-1.4859182363837633,-1.4859182363837633,-1.4859182363837633,0.0,0.0,0.0,327.95751650044207
163,2023-03-28,329.49771458234403,302.6755964010386,350.4844316183081,329.49771458234403,329.49771458234403,-2.9261513560954326,-2.9261513560954326,-2.9261513560954326,-2.9261513560954326,-2.9261513560954326,-2.9261513560954326,0.0,0.0,0.0,326.5715632262486
164,2023-03-29,329.55199442786216,305.3987702742698,352.32648466336775,329.55199442786216,329.55199442786216,-0.6385461912657743,-0.6385461912657743,-0.6385461912657743,-0.6385461912657743,-0.6385461912657743,-0.6385461912657743,0.0,0.0,0.0,328.91344823659637
165,2023-03-30,329.60627427338034,305.77753431214177,355.2295108987883,329.60627427338034,329.60627427338034,0.2861432702052384,0.2861432702052384,0.2861432702052384,0.2861432702052384,0.2861432702052384,0.2861432702052384,0.0,0.0,0.0,329.89241754358557
166,2023-03-31,329.6605541188986,306.39930469096464,356.6197004958126,329.6605541188986,329.6605541188986,-0.202466791710088,-0.202466791710088,-0.202466791710088,-0.202466791710088,-0.202466791710088,-0.202466791710088,0.0,0.0,0.0,329.4580873271885
167,2023-04-03,329.82339365545306,303.8297941089795,353.13585459010767,329.82339365545306,329.82339365545306,-1.4859182363869892,-1.4859182363869892,-1.4859182363869892,-1.4859182363869892,-1.4859182363869892,-1.4859182363869892,0.0,0.0,0.0,328.3374754190661
168,2023-04-04,330.05325080340185,302.20607321165886,349.67056165377124,330.05325080340185,330.05325080340185,-2.926151356095323,-2.926151356095323,-2.926151356095323,-2.926151356095323,-2.926151356095323,-2.926151356095323,0.0,0.0,0.0,327.12709944730653
169,2023-04-05,330.2831079513506,306.0471051293467,353.5231524737879,330.2831079513506,330.2831079513506,-0.6385461912642769,-0.6385461912642769,-0.6385461912642769,-0.6385461912642769,-0.6385461912642769,-0.6385461912642769,0.0,0.0,0.0,329.64456176008633
170,2023-04-06,330.5129650992993,307.9284830840739,355.4387627502534,330.5129650992993,330.5129650992993,0.2861432702044527,0.2861432702044527,0.2861432702044527,0.2861432702044527,0.2861432702044527,0.2861432702044527,0.0,0.0,0.0,330.79910836950376
171,2023-04-10,331.4323936910943,306.585971542717,353.46563043925306,331.4323936910943,331.4323936910943,-1.4859182363890302,-1.4859182363890302,-1.4859182363890302,-1.4859182363890302,-1.4859182363890302,-1.4859182363890302,0.0,0.0,0.0,329.9464754547053
172,2023-04-11,331.66225083904305,306.09269211612326,352.869487973945,331.66225083904305,331.66225083904305,-2.926151356092998,-2.926151356092998,-2.926151356092998,-2.926151356092998,-2.926151356092998,-2.926151356092998,0.0,0.0,0.0,328.73609948295007
173,2023-04-12,331.8921079869918,306.9341107531417,353.95361574405666,331.8921079869918,331.8921079869918,-0.6385461912627797,-0.6385461912627797,-0.6385461912627797,-0.6385461912627797,-0.6385461912627797,-0.6385461912627797,0.0,0.0,0.0,331.253561795729
174,2023-04-13,332.1219651349405,307.7699157880177,356.992903961311,332.1219651349405,332.1219651349405,0.28614327020437536,0.28614327020437536,0.28614327020437536,0.28614327020437536,0.28614327020437536,0.28614327020437536,0.0,0.0,0.0,332.4081084051449
175,2023-04-14,332.35182228288926,308.973999641678,357.09627504576105,332.35182228288926,332.35182228288926,-0.20246679171330026,-0.20246679171330026,-0.20246679171330026,-0.20246679171330026,-0.20246679171330026,-0.20246679171330026,0.0,0.0,0.0,332.149355491176
176,2023-04-17,334.0295169319761,308.4262498618402,356.4169704507547,334.0295169319761,334.0295169319761,-1.485918236391071,-1.485918236391071,-1.485918236391071,-1.485918236391071,-1.485918236391071,-1.485918236391071,0.0,0.0,0.0,332.54359869558505
177,2023-04-18,334.5887484816717,308.60127518999775,353.9550590176086,334.5887484816717,334.5887484816717,-2.9261513560982038,-2.9261513560982038,-2.9261513560982038,-2.9261513560982038,-2.9261513560982038,-2.9261513560982038,0.0,0.0,0.0,331.6625971255735
178,2023-04-19,335.1479800313673,311.4146059672614,357.9585779298164,335.1479800313673,335.1479800313673,-0.6385461912612821,-0.6385461912612821,-0.6385461912612821,-0.6385461912612821,-0.6385461912612821,-0.6385461912612821,0.0,0.0,0.0,334.509433840106
179,2023-04-20,335.7072115810629,313.43268344231757,360.69264846168784,335.7072115810629,335.7072115810629,0.28614327020358965,0.28614327020358965,0.28614327020358965,0.28614327020358965,0.28614327020358965,0.28614327020358965,0.0,0.0,0.0,335.9933548512665
180,2023-04-21,336.2664431307585,312.63069702636164,361.54103202096366,336.2664431307585,336.2664431307585,-0.20246679171254525,-0.20246679171254525,-0.20246679171254525,-0.20246679171254525,-0.20246679171254525,-0.20246679171254525,0.0,0.0,0.0,336.06397633904595
181,2023-04-24,337.94413777984533,312.03930524437897,361.10043127117615,337.94413777984533,337.94413777984533,-1.4859182363954824,-1.4859182363954824,-1.4859182363954824,-1.4859182363954824,-1.4859182363954824,-1.4859182363954824,0.0,0.0,0.0,336.45821954344984
182,2023-04-25,338.50336932954093,311.343078106244,359.75679421489053,338.50336932954093,338.50336932954093,-2.9261513560969865,-2.9261513560969865,-2.9261513560969865,-2.9261513560969865,-2.9261513560969865,-2.9261513560969865,0.0,0.0,0.0,335.57721797344396
183,2023-04-26,339.0626008792365,311.56564750114933,360.71996213095974,339.0626008792365,339.0626008792365,-0.6385461912690488,-0.6385461912690488,-0.6385461912690488,-0.6385461912690488,-0.6385461912690488,-0.6385461912690488,0.0,0.0,0.0,338.4240546879675
184,2023-04-27,340.12153195521404,316.5959444639357,364.16787093181637,340.12153195521404,340.12153195521404,0.28614327020315816,0.28614327020315816,0.28614327020315816,0.28614327020315816,0.28614327020315816,0.28614327020315816,0.0,0.0,0.0,340.4076752254172
185,2023-04-28,341.18046303119155,316.9915617521859,364.03694710700455,341.18046303119155,341.18046303119155,-0.20246679171179027,-0.20246679171179027,-0.20246679171179027,-0.20246679171179027,-0.20246679171179027,-0.20246679171179027,0.0,0.0,0.0,340.97799623947975
186,2023-05-01,344.35725625912386,319.2275987492391,366.48547306378447,344.35725625912386,344.35725625912386,-1.485918236397523,-1.485918236397523,-1.485918236397523,-1.485918236397523,-1.485918236397523,-1.485918236397523,0.0,0.0,0.0,342.8713380227263
187,2023-05-02,345.41618733510137,316.55927237232527,364.89233189188883,345.41618733510137,345.41618733510137,-2.926151356096877,-2.926151356096877,-2.926151356096877,-2.926151356096877,-2.926151356096877,-2.926151356096877,0.0,0.0,0.0,342.4900359790045
188,2023-05-03,346.47511841107877,322.13742736767847,368.8614008706832,346.47511841107877,346.47511841107877,-0.6385461912675513,-0.6385461912675513,-0.6385461912675513,-0.6385461912675513,-0.6385461912675513,-0.6385461912675513,0.0,0.0,0.0,345.8365722198112
189,2023-05-04,347.5340494870563,324.22395710738203,370.8824073763774,347.5340494870563,347.5340494870563,0.28614327020554725,0.28614327020554725,0.28614327020554725,0.28614327020554725,0.28614327020554725,0.28614327020554725,0.0,0.0,0.0,347.82019275726185
190,2023-05-05,348.5929805630337,324.3602488337392,371.13427865104427,348.5929805630337,348.5929805630337,-0.2024667917106886,-0.2024667917106886,-0.2024667917106886,-0.2024667917106886,-0.2024667917106886,-0.2024667917106886,0.0,0.0,0.0,348.390513771323
191,2023-05-08,351.7697737909661,325.9902148353191,374.00680395018946,351.7697737909661,351.7697737909661,-1.485918236400749,-1.485918236400749,-1.485918236400749,-1.485918236400749,-1.485918236400749,-1.485918236400749,0.0,0.0,0.0,350.2838555545654
192,2023-05-09,353.0790525570172,326.7404750854238,374.28668075434814,353.0790525570172,353.0790525570172,-2.9261513560967676,-2.9261513560967676,-2.9261513560967676,-2.9261513560967676,-2.9261513560967676,-2.9261513560967676,0.0,0.0,0.0,350.1529012009204
193,2023-05-10,354.3883313230682,330.52738232657805,377.36275803730774,354.3883313230682,354.3883313230682,-0.6385461912652427,-0.6385461912652427,-0.6385461912652427,-0.6385461912652427,-0.6385461912652427,-0.6385461912652427,0.0,0.0,0.0,353.749785131803
194,2023-05-11,355.6976100891192,331.908777123562,379.5425164077862,355.6976100891192,355.6976100891192,0.2861432702051157,0.2861432702051157,0.2861432702051157,0.2861432702051157,0.2861432702051157,0.2861432702051157,0.0,0.0,0.0,355.98375335932434
195,2023-05-12,357.0068888551703,333.7160887455294,380.293549401869,357.0068888551703,357.0068888551703,-0.20246679170993365,-0.20246679170993365,-0.20246679170993365,-0.20246679170993365,-0.20246679170993365,-0.20246679170993365,0.0,0.0,0.0,356.8044220634604
196,2023-05-15,360.9347251533233,337.38676675194756,384.132437328051,360.9347251533233,360.9347251533233,-1.485918236387694,-1.485918236387694,-1.485918236387694,-1.485918236387694,-1.485918236387694,-1.485918236387694,0.0,0.0,0.0,359.4488069169356
197,2023-05-16,362.2440039193744,334.6742137008337,381.71290848828187,362.2440039193744,362.2440039193744,-2.9261513560944423,-2.9261513560944423,-2.9261513560944423,-2.9261513560944423,-2.9261513560944423,-2.9261513560944423,0.0,0.0,0.0,359.3178525632799
198,2023-05-17,363.5532826854254,339.40943715280304,387.20123799602965,363.5532826854254,363.5532826854254,-0.6385461912645566,-0.6385461912645566,-0.6385461912645566,-0.6385461912645566,-0.6385461912645566,-0.6385461912645566,0.0,0.0,0.0,362.9147364941609
199,2023-05-18,364.86256145147644,341.39989750217705,388.622017439533,364.86256145147644,364.86256145147644,0.28614327020432995,0.28614327020432995,0.28614327020432995,0.28614327020432995,0.28614327020432995,0.28614327020432995,0.0,0.0,0.0,365.14870472168076
200,2023-05-19,366.1718402055837,340.59403446770096,390.01563003996597,366.1718402055837,366.1718402055837,-0.2024667917090051,-0.2024667917090051,-0.2024667917090051,-0.2024667917090051,-0.2024667917090051,-0.2024667917090051,0.0,0.0,0.0,365.9693734138747
201,2023-05-22,370.0996764679058,344.8411279847777,391.4687208702878,370.0996764679058,370.0996764679058,-1.4859182363909198,-1.4859182363909198,-1.4859182363909198,-1.4859182363909198,-1.4859182363909198,-1.4859182363909198,0.0,0.0,0.0,368.61375823151485
202,2023-05-23,371.40895522201316,344.72868088209344,392.33772144071713,371.40895522201316,371.40895522201316,-2.9261513560943326,-2.9261513560943326,-2.9261513560943326,-2.9261513560943326,-2.9261513560943326,-2.9261513560943326,0.0,0.0,0.0,368.4828038659188
203,2023-05-24,372.7182339761205,349.27241414790564,397.8291265462765,372.7182339761205,372.7182339761205,-0.638546191262248,-0.638546191262248,-0.638546191262248,-0.638546191262248,-0.638546191262248,-0.638546191262248,0.0,0.0,0.0,372.0796877848582
204,2023-05-25,374.02751273022784,349.3365984945438,397.60374504523156,374.02751273022784,374.02751273022784,0.2861432702038985,0.2861432702038985,0.2861432702038985,0.2861432702038985,0.2861432702038985,0.2861432702038985,0.0,0.0,0.0,374.31365600043176
205,2023-05-26,375.33679148433527,351.7969287491338,399.70737310339206,375.33679148433527,375.33679148433527,-0.20246679171297227,-0.20246679171297227,-0.20246679171297227,-0.20246679171297227,-0.20246679171297227,-0.20246679171297227,0.0,0.0,0.0,375.1343246926223
206,2023-05-30,380.5739065007646,354.12636111757286,401.2652080437663,380.5739065007646,380.5739065007646,-2.926151356097323,-2.926151356097323,-2.926151356097323,-2.926151356097323,-2.926151356097323,-2.926151356097323,0.0,0.0,0.0,377.6477551446673
207,2023-05-31,381.8831852548719,356.2386190053168,405.99976088780977,381.8831852548719,381.8831852548719,-0.6385461912700142,-0.6385461912700142,-0.6385461912700142,-0.6385461912700142,-0.6385461912700142,-0.6385461912700142,0.0,0.0,0.0,381.2446390636019
208,2023-06-01,383.1924640089793,360.63098884882953,408.1283143554386,383.1924640089793,383.1924640089793,0.2861432702031128,0.2861432702031128,0.2861432702031128,0.2861432702031128,0.2861432702031128,0.2861432702031128,0.0,0.0,0.0,383.4786072791824
209,2023-06-02,384.50174276308667,360.00339911877626,407.239476106347,384.50174276308667,384.50174276308667,-0.20246679171204374,-0.20246679171204374,-0.20246679171204374,-0.20246679171204374,-0.20246679171204374,-0.20246679171204374,0.0,0.0,0.0,384.29927597137464
210,2023-06-05,388.42957902540866,364.7300670760083,412.178154970062,388.42957902540866,388.42957902540866,-1.485918236396187,-1.485918236396187,-1.485918236396187,-1.485918236396187,-1.485918236396187,-1.485918236396187,0.0,0.0,0.0,386.9436607890125
211,2023-06-06,389.738857779516,365.5116063809764,411.4492255197716,389.738857779516,389.738857779516,-2.926151356097214,-2.926151356097214,-2.926151356097214,-2.926151356097214,-2.926151356097214,-2.926151356097214,0.0,0.0,0.0,386.81270642341883
212,2023-06-07,391.04813653362334,368.1701838404428,413.36417973900785,391.04813653362334,391.04813653362334,-0.6385461912685171,-0.6385461912685171,-0.6385461912685171,-0.6385461912685171,-0.6385461912685171,-0.6385461912685171,0.0,0.0,0.0,390.4095903423548
213,2023-06-08,392.3574152877307,367.38971968154834,415.84244649531456,392.3574152877307,392.3574152877307,0.2861432702030355,0.2861432702030355,0.2861432702030355,0.2861432702030355,0.2861432702030355,0.2861432702030355,0.0,0.0,0.0,392.6435585579337
214,2023-06-09,393.666694041838,371.3837676585667,417.485671730923,393.666694041838,393.666694041838,-0.20246679171111567,-0.20246679171111567,-0.20246679171111567,-0.20246679171111567,-0.20246679171111567,-0.20246679171111567,0.0,0.0,0.0,393.4642272501269
215,2023-06-12,397.5945303041602,371.4915787698458,417.19599923192175,397.5945303041602,397.5945303041602,-1.4859182363982282,-1.4859182363982282,-1.4859182363982282,-1.4859182363982282,-1.4859182363982282,-1.4859182363982282,0.0,0.0,0.0,396.10861206776195
216,2023-06-13,398.9038090582675,372.3882055912325,419.185764737623,398.9038090582675,398.9038090582675,-2.926151356095996,-2.926151356095996,-2.926151356095996,-2.926151356095996,-2.926151356095996,-2.926151356095996,0.0,0.0,0.0,395.9776577021715
217,2023-06-14,400.21308781237485,374.73389108170466,423.5481937592504,400.21308781237485,400.21308781237485,-0.6385461912670197,-0.6385461912670197,-0.6385461912670197,-0.6385461912670197,-0.6385461912670197,-0.6385461912670197,0.0,0.0,0.0,399.5745416211078
218,2023-06-15,401.52236656648216,378.0134616179404,425.0119044601932,401.52236656648216,401.52236656648216,0.2861432702022498,0.2861432702022498,0.2861432702022498,0.2861432702022498,0.2861432702022498,0.2861432702022498,0.0,0.0,0.0,401.80850983668444
219,2023-06-16,402.83164532058953,380.9099938802789,426.0719522293802,402.83164532058953,402.83164532058953,-0.20246679171508283,-0.20246679171508283,-0.20246679171508283,-0.20246679171508283,-0.20246679171508283,-0.20246679171508283,0.0,0.0,0.0,402.62917852887443
220,2023-06-20,408.0687603370189,380.2778178323497,427.9638580314972,408.0687603370189,408.0687603370189,-2.926151356094779,-2.926151356094779,-2.926151356094779,-2.926151356094779,-2.926151356094779,-2.926151356094779,0.0,0.0,0.0,405.1426089809241
221,2023-06-21,409.3780390911262,382.6829959256373,432.861625248739,409.3780390911262,409.3780390911262,-0.6385461912647107,-0.6385461912647107,-0.6385461912647107,-0.6385461912647107,-0.6385461912647107,-0.6385461912647107,0.0,0.0,0.0,408.7394928998615
222,2023-06-22,410.68731784523357,388.71753142356425,433.93821006992994,410.68731784523357,410.68731784523357,0.2861432702046389,0.2861432702046389,0.2861432702046389,0.2861432702046389,0.2861432702046389,0.2861432702046389,0.0,0.0,0.0,410.9734611154382
223,2023-06-23,411.9965965993409,387.99435957829803,435.77822193315654,411.9965965993409,411.9965965993409,-0.2024667917143278,-0.2024667917143278,-0.2024667917143278,-0.2024667917143278,-0.2024667917143278,-0.2024667917143278,0.0,0.0,0.0,411.7941298076266
224,2023-06-26,415.92443286166304,390.78916718679847,439.91209253546134,415.92443286166304,415.92443286166304,-1.4859182363895835,-1.4859182363895835,-1.4859182363895835,-1.4859182363895835,-1.4859182363895835,-1.4859182363895835,0.0,0.0,0.0,414.43851462527346
225,2023-06-27,417.23371161577035,391.1302832979332,438.33083035237183,417.23371161577035,417.23371161577035,-2.9261513560988766,-2.9261513560988766,-2.9261513560988766,-2.9261513560988766,-2.9261513560988766,-2.9261513560988766,0.0,0.0,0.0,414.30756025967145
226,2023-06-28,418.5429903698777,395.7823605323452,443.94835870666066,418.5429903698777,418.5429903698777,-0.6385461912624021,-0.6385461912624021,-0.6385461912624021,-0.6385461912624021,-0.6385461912624021,-0.6385461912624021,0.0,0.0,0.0,417.90444417861534
227,2023-06-29,419.852269123985,395.14542067080095,443.8292438587584,419.852269123985,419.852269123985,0.28614327020420727,0.28614327020420727,0.28614327020420727,0.28614327020420727,0.28614327020420727,0.28614327020420727,0.0,0.0,0.0,420.13841239418923
228,2023-06-30,421.1615478780924,395.2042653185753,446.5506169703449,421.1615478780924,421.1615478780924,-0.20246679171322596,-0.20246679171322596,-0.20246679171322596,-0.20246679171322596,-0.20246679171322596,-0.20246679171322596,0.0,0.0,0.0,420.9590810863792
229,2023-07-03,425.0893841404144,398.7217042515595,446.4688978515995,425.0893841404144,425.0893841404144,-1.4859182363928096,-1.4859182363928096,-1.4859182363928096,-1.4859182363928096,-1.4859182363928096,-1.4859182363928096,0.0,0.0,0.0,423.60346590402156
230,2023-07-05,427.7079416486291,402.2084547153076,450.24310177226465,427.7079416486291,427.7079416486291,-0.6385461912609046,-0.6385461912609046,-0.6385461912609046,-0.6385461912609046,-0.6385461912609046,-0.6385461912609046,0.0,0.0,0.0,427.0693954573682
231,2023-07-06,429.0172204027364,405.024299885613,451.70004812796077,429.0172204027364,429.0172204027364,0.2861432702037758,0.2861432702037758,0.2861432702037758,0.2861432702037758,0.2861432702037758,0.2861432702037758,0.0,0.0,0.0,429.3033636729402
232,2023-07-07,430.3264991568438,407.21346470656334,454.1953612709124,430.3264991568438,430.3264991568438,-0.2024667917124712,-0.2024667917124712,-0.2024667917124712,-0.2024667917124712,-0.2024667917124712,-0.2024667917124712,0.0,0.0,0.0,430.1240323651313
233,2023-07-10,434.2543354191658,408.13260704889973,457.62289224307347,434.2543354191658,434.2543354191658,-1.4859182363948507,-1.4859182363948507,-1.4859182363948507,-1.4859182363948507,-1.4859182363948507,-1.4859182363948507,0.0,0.0,0.0,432.7684171827709
234,2023-07-11,435.56361417327315,406.91671421578536,456.2273707091423,435.56361417327315,435.56361417327315,-2.926151356096442,-2.926151356096442,-2.926151356096442,-2.926151356096442,-2.926151356096442,-2.926151356096442,0.0,0.0,0.0,432.6374628171767
235,2023-07-12,436.8728929273806,414.533729065516,459.8610167437132,436.8728929273806,436.8728929273806,-0.6385461912594073,-0.6385461912594073,-0.6385461912594073,-0.6385461912594073,-0.6385461912594073,-0.6385461912594073,0.0,0.0,0.0,436.23434673612115
236,2023-07-13,438.18217168148783,414.9048271147953,463.21487987849997,438.18217168148783,438.18217168148783,0.28614327020616476,0.28614327020616476,0.28614327020616476,0.28614327020616476,0.28614327020616476,0.28614327020616476,0.0,0.0,0.0,438.46831495169397
237,2023-07-14,439.49145043559525,416.25201052775594,462.6408195126537,439.49145043559525,439.49145043559525,-0.2024667917115427,-0.2024667917115427,-0.2024667917115427,-0.2024667917115427,-0.2024667917115427,-0.2024667917115427,0.0,0.0,0.0,439.28898364388374
238,2023-07-17,443.4192866979173,418.33579862962506,466.1094025474762,443.4192866979173,443.4192866979173,-1.4859182363980767,-1.4859182363980767,-1.4859182363980767,-1.4859182363980767,-1.4859182363980767,-1.4859182363980767,0.0,0.0,0.0,441.93336846151925
239,2023-07-18,444.7285654520246,419.4765004390839,466.0755472658994,444.7285654520246,444.7285654520246,-2.926151356096333,-2.926151356096333,-2.926151356096333,-2.926151356096333,-2.926151356096333,-2.926151356096333,0.0,0.0,0.0,441.80241409592827
240,2023-07-19,446.037844206132,420.00429280316445,470.1430077087838,446.037844206132,446.037844206132,-0.638546191267174,-0.638546191267174,-0.638546191267174,-0.638546191267174,-0.638546191267174,-0.638546191267174,0.0,0.0,0.0,445.3992980148648
241,2023-07-20,447.3471229602393,424.4939595352147,471.796724284607,447.3471229602393,447.3471229602393,0.2861432702057333,0.2861432702057333,0.2861432702057333,0.2861432702057333,0.2861432702057333,0.2861432702057333,0.0,0.0,0.0,447.63326623044503
242,2023-07-21,448.65640171434666,426.3470927527478,472.2675423091478,448.65640171434666,448.65640171434666,-0.20246679171078752,-0.20246679171078752,-0.20246679171078752,-0.20246679171078752,-0.20246679171078752,-0.20246679171078752,0.0,0.0,0.0,448.4539349226359
243,2023-07-24,452.58423797666865,428.73233156235466,476.3996457033296,452.58423797666865,452.58423797666865,-1.4859182363850214,-1.4859182363850214,-1.4859182363850214,-1.4859182363850214,-1.4859182363850214,-1.4859182363850214,0.0,0.0,0.0,451.0983197402836
244,2023-07-25,453.893516730776,426.7500943648201,475.0297176677997,453.893516730776,453.893516730776,-2.926151356095115,-2.926151356095115,-2.926151356095115,-2.926151356095115,-2.926151356095115,-2.926151356095115,0.0,0.0,0.0,450.9673653746809
245,2023-07-26,455.20279548488344,430.65704590046107,477.8858050294828,455.20279548488344,455.20279548488344,-0.6385461912648653,-0.6385461912648653,-0.6385461912648653,-0.6385461912648653,-0.6385461912648653,-0.6385461912648653,0.0,0.0,0.0,454.56424929361856
246,2023-07-27,456.5120742389907,431.56850218308415,480.7564420066331,456.5120742389907,456.5120742389907,0.2861432702049476,0.2861432702049476,0.2861432702049476,0.2861432702049476,0.2861432702049476,0.2861432702049476,0.0,0.0,0.0,456.79821750919564
247,2023-07-28,457.8213529930981,434.3490849410865,481.6159735752137,457.8213529930981,457.8213529930981,-0.20246679170985946,-0.20246679170985946,-0.20246679170985946,-0.20246679170985946,-0.20246679170985946,-0.20246679170985946,0.0,0.0,0.0,457.61888620138825
248,2023-07-31,461.74918925542016,435.6124762771622,485.56786867615375,461.74918925542016,461.74918925542016,-1.4859182363882473,-1.4859182363882473,-1.4859182363882473,-1.4859182363882473,-1.4859182363882473,-1.4859182363882473,0.0,0.0,0.0,460.2632710190319
249,2023-08-01,463.0584680095275,434.82288518531726,483.02842183080736,463.0584680095275,463.0584680095275,-2.926151356095006,-2.926151356095006,-2.926151356095006,-2.926151356095006,-2.926151356095006,-2.926151356095006,0.0,0.0,0.0,460.13231665343244
250,2023-08-02,464.36774676363484,440.75292815849065,489.50709797227915,464.36774676363484,464.36774676363484,-0.6385461912641792,-0.6385461912641792,-0.6385461912641792,-0.6385461912641792,-0.6385461912641792,-0.6385461912641792,0.0,0.0,0.0,463.72920057237064
251,2023-08-03,465.67702551774227,440.79218808429704,489.3203501867596,465.67702551774227,465.67702551774227,0.28614327020487024,0.28614327020487024,0.28614327020487024,0.28614327020487024,0.28614327020487024,0.28614327020487024,0.0,0.0,0.0,465.96316878794715
252,2023-08-04,466.9863042718495,442.9660062524223,490.5908596095465,466.9863042718495,466.9863042718495,-0.2024667917138266,-0.2024667917138266,-0.2024667917138266,-0.2024667917138266,-0.2024667917138266,-0.2024667917138266,0.0,0.0,0.0,466.7838374801357
253,2023-08-05,468.29558302595694,446.8374125312257,494.6647548989354,468.29558302595694,468.29558302595694,2.4834698129530315,2.4834698129530315,2.4834698129530315,2.4834698129530315,2.4834698129530315,2.4834698129530315,0.0,0.0,0.0,470.77905283891
254,2023-08-06,469.6048617800642,446.72677450408094,496.5955805765537,469.5741650967522,469.62177213498865,2.483469492312189,2.483469492312189,2.483469492312189,2.483469492312189,2.483469492312189,2.483469492312189,0.0,0.0,0.0,472.08833127237637
255,2023-08-07,470.9141405341716,444.50006483450704,494.2469692329156,470.82871248379337,470.97363892317765,-1.4859182363902883,-1.4859182363902883,-1.4859182363902883,-1.4859182363902883,-1.4859182363902883,-1.4859182363902883,0.0,0.0,0.0,469.42822229778136
256,2023-08-08,472.2234192882789,445.95228445742896,493.5456710937661,472.0676274371299,472.33994513061987,-2.9261513560937886,-2.9261513560937886,-2.9261513560937886,-2.9261513560937886,-2.9261513560937886,-2.9261513560937886,0.0,0.0,0.0,469.2972679321851
257,2023-08-09,473.5326980423863,449.2088857302221,496.47094033095897,473.3080093391403,473.7068500776789,-0.6385461912711343,-0.6385461912711343,-0.6385461912711343,-0.6385461912711343,-0.6385461912711343,-0.6385461912711343,0.0,0.0,0.0,472.89415185111517
258,2023-08-10,474.84197679649355,450.4957912393703,499.133866181932,474.5653688249929,475.108796140479,0.2861432702040846,0.2861432702040846,0.2861432702040846,0.2861432702040846,0.2861432702040846,0.2861432702040846,0.0,0.0,0.0,475.12812006669765
259,2023-08-11,476.151255550601,454.65032324758414,499.57304033868843,475.7876345699379,476.52879596840353,-0.2024667917128981,-0.2024667917128981,-0.2024667917128981,-0.2024667917128981,-0.2024667917128981,-0.2024667917128981,0.0,0.0,0.0,475.9487887588881
260,2023-08-12,477.46053430470823,456.400095492917,503.91491500528434,477.0028363422044,477.97306836012115,2.4834698129553825,2.4834698129553825,2.4834698129553825,2.4834698129553825,2.4834698129553825,2.4834698129553825,0.0,0.0,0.0,479.9440041176636
261,2023-08-13,478.76981305881566,456.95141605737024,505.42953911234895,478.18226383719684,479.38352329893263,2.483469492310519,2.483469492310519,2.483469492310519,2.483469492310519,2.483469492310519,2.483469492310519,0.0,0.0,0.0,481.2532825511262
262,2023-08-14,480.079091812923,455.1304648361798,502.3308446323079,479.3473496712267,480.8199063588696,-1.4859182363946994,-1.4859182363946994,-1.4859182363946994,-1.4859182363946994,-1.4859182363946994,-1.4859182363946994,0.0,0.0,0.0,478.59317357652833
263,2023-08-15,481.38837056703045,454.16650720533573,501.7823060359796,480.5613158209062,482.2549968267503,-2.9261513560978867,-2.9261513560978867,-2.9261513560978867,-2.9261513560978867,-2.9261513560978867,-2.9261513560978867,0.0,0.0,0.0,478.4622192109326
264,2023-08-16,482.6976493211377,458.9193616898564,506.626813658711,481.7203039864647,483.6851629577423,-0.6385461912704483,-0.6385461912704483,-0.6385461912704483,-0.6385461912704483,-0.6385461912704483,-0.6385461912704483,0.0,0.0,0.0,482.05910312986725
265,2023-08-17,484.0069280752451,460.1655541665422,509.77371765788257,482.9143280620063,485.1063824937918,0.28614327020329894,0.28614327020329894,0.28614327020329894,0.28614327020329894,0.28614327020329894,0.28614327020329894,0.0,0.0,0.0,484.2930713454484
266,2023-08-18,485.3162068293525,460.96984720546703,510.42545288593783,484.05488746960015,486.55073131401593,-0.20246679171214296,-0.20246679171214296,-0.20246679171214296,-0.20246679171214296,-0.20246679171214296,-0.20246679171214296,0.0,0.0,0.0,485.11374003764035
267,2023-08-19,486.6254855834598,466.554668774082,513.996725292898,485.178748795985,488.0569045407215,2.483469812957068,2.483469812957068,2.483469812957068,2.483469812957068,2.483469812957068,2.483469812957068,0.0,0.0,0.0,489.1089553964169
268,2023-08-20,487.9347643375672,464.1821059609496,512.45322046221,486.31556788646947,489.57320538311984,2.4834694923183087,2.4834694923183087,2.4834694923183087,2.4834694923183087,2.4834694923183087,2.4834694923183087,0.0,0.0,0.0,490.4182338298855
269,2023-08-21,489.2440430916745,462.2512732040066,510.72041523445455,487.43042497717283,491.0874412598862,-1.4859182363967405,-1.4859182363967405,-1.4859182363967405,-1.4859182363967405,-1.4859182363967405,-1.4859182363967405,0.0,0.0,0.0,487.75812485527774
270,2023-08-22,490.55332184578185,464.43397745434373,512.8383955695633,488.602575673823,492.55368494582547,-2.92615135609667,-2.92615135609667,-2.92615135609667,-2.92615135609667,-2.92615135609667,-2.92615135609667,0.0,0.0,0.0,487.62717048968517
271,2023-08-23,491.86260059988916,467.296833802193,516.6001957970412,489.7025355226488,494.02217775137785,-0.6385461912681396,-0.6385461912681396,-0.6385461912681396,-0.6385461912681396,-0.6385461912681396,-0.6385461912681396,0.0,0.0,0.0,491.22405440862104
272,2023-08-24,493.17187935399653,469.1093483721044,517.0578897595736,490.83074777164353,495.49844108606857,0.2861432702028674,0.2861432702028674,0.2861432702028674,0.2861432702028674,0.2861432702028674,0.2861432702028674,0.0,0.0,0.0,493.4580226241994
273,2023-08-25,494.48115810810384,469.7723764896843,518.165555485782,491.9970822814009,497.0165191995011,-0.2024667917110415,-0.2024667917110415,-0.2024667917110415,-0.2024667917110415,-0.2024667917110415,-0.2024667917110415,0.0,0.0,0.0,494.2786913163928
274,2023-08-26,495.7904368622112,473.6920346260568,523.0708022887592,493.012186656094,498.50633820170685,2.4834698129479706,2.4834698129479706,2.4834698129479706,2.4834698129479706,2.4834698129479706,2.4834698129479706,0.0,0.0,0.0,498.2739066751592
275,2023-08-27,497.0997156163185,477.0948727903051,524.1460022150154,494.2004246546948,500.0336491937236,2.483469492317666,2.483469492317666,2.483469492317666,2.483469492317666,2.483469492317666,2.483469492317666,0.0,0.0,0.0,499.5831851086362
276,2023-08-28,498.4089943704259,472.62461242029127,521.6817063170681,495.29194220287866,501.522458492936,-1.4859182363987813,-1.4859182363987813,-1.4859182363987813,-1.4859182363987813,-1.4859182363987813,-1.4859182363987813,0.0,0.0,0.0,496.9230761340271
277,2023-08-29,499.7182731245332,472.3778289716489,520.2808223775564,496.41793354901534,502.97874282629385,-2.9261513560965597,-2.9261513560965597,-2.9261513560965597,-2.9261513560965597,-2.9261513560965597,-2.9261513560965597,0.0,0.0,0.0,496.79212176843663
278,2023-08-30,501.02755187864057,476.57657581963974,524.4701877364396,497.53136715400973,504.5229864501372,-0.6385461912666421,-0.6385461912666421,-0.6385461912666421,-0.6385461912666421,-0.6385461912666421,-0.6385461912666421,0.0,0.0,0.0,500.3890056873739
279,2023-08-31,502.3368306327479,479.1982513661547,528.206299567747,498.696365100428,506.01773202914404,0.2861432702049024,0.2861432702049024,0.2861432702049024,0.2861432702049024,0.2861432702049024,0.2861432702049024,0.0,0.0,0.0,502.62297390295277
280,2023-09-01,503.64610938685524,479.7280153330297,526.9213424854711,499.7991925972606,507.538468837942,-0.20246679171028648,-0.20246679171028648,-0.20246679171028648,-0.20246679171028648,-0.20246679171028648,-0.20246679171028648,0.0,0.0,0.0,503.443642595145
